{
  "59794@37": 0.0, 
  "3491@37": 0.0, 
  "148223429@155": 4.990855220075574e-05, 
  "290@12": 2.3529588788368367e-05, 
  "money": 0.22268282917290932, 
  "143953401@155": 9.290391207313665e-05, 
  "127655260@47": 0.0, 
  "290@16": 0.0, 
  "4325@173": 9.83872210005587e-07, 
  "4633@174": 0.02704310756095465, 
  "32119@126": 0.0, 
  "101622823@33": 0.0, 
  "137319727@47": 0.0019804575597447737, 
  "147636698@47": 0.0004621955465765084, 
  "147636699@47": 0.0, 
  "116404471@155": 0.0
}